<?xml version='1.0' encoding='utf-8'?>
<JeopardyQuestions><QuestionItem><Category>Variables &amp; Data Types</Category><Value>100</Value><QuestionText>Which of the following declares an integer variable in C++?</QuestionText><Options><OptionA>int num;</OptionA><OptionB>float num;</OptionB><OptionC>num int;</OptionC><OptionD>integer num;</OptionD></Options><CorrectAnswer>A</CorrectAnswer></QuestionItem><QuestionItem><Category>Variables &amp; Data Types</Category><Value>200</Value><QuestionText>Which data type is used to store a single character?</QuestionText><Options><OptionA>string</OptionA><OptionB>char</OptionB><OptionC>bool</OptionC><OptionD>text</OptionD></Options><CorrectAnswer>B</CorrectAnswer></QuestionItem><QuestionItem><Category>Variables &amp; Data Types</Category><Value>300</Value><QuestionText>What is the value of x after int x = 5/2;?</QuestionText><Options><OptionA>2</OptionA><OptionB>2.5</OptionB><OptionC>3</OptionC><OptionD>2.0</OptionD></Options><CorrectAnswer>A</CorrectAnswer></QuestionItem><QuestionItem><Category>Variables &amp; Data Types</Category><Value>400</Value><QuestionText>Which of the following is a floating-point literal?</QuestionText><Options><OptionA>10</OptionA><OptionB>5.0</OptionB><OptionC>'A'</OptionC><OptionD>true</OptionD></Options><CorrectAnswer>B</CorrectAnswer></QuestionItem><QuestionItem><Category>Variables &amp; Data Types</Category><Value>500</Value><QuestionText>Which operator is used to get the remainder?</QuestionText><Options><OptionA>/</OptionA><OptionB>%</OptionB><OptionC>-</OptionC><OptionD>*</OptionD></Options><CorrectAnswer>B</CorrectAnswer></QuestionItem><QuestionItem><Category>Control Structures</Category><Value>100</Value><QuestionText>Which statement is used to make a decision?</QuestionText><Options><OptionA>if</OptionA><OptionB>while</OptionB><OptionC>for</OptionC><OptionD>switch</OptionD></Options><CorrectAnswer>A</CorrectAnswer></QuestionItem><QuestionItem><Category>Control Structures</Category><Value>200</Value><QuestionText>What is the output of: if (5 &gt; 10) cout &lt;&lt; 'Hi'; else cout &lt;&lt; 'Bye';</QuestionText><Options><OptionA>Hi</OptionA><OptionB>Bye</OptionB><OptionC>Error</OptionC><OptionD>Nothing</OptionD></Options><CorrectAnswer>B</CorrectAnswer></QuestionItem><QuestionItem><Category>Control Structures</Category><Value>300</Value><QuestionText>Which loop always executes at least once?</QuestionText><Options><OptionA>for</OptionA><OptionB>while</OptionB><OptionC>do-while</OptionC><OptionD>if</OptionD></Options><CorrectAnswer>C</CorrectAnswer></QuestionItem><QuestionItem><Category>Control Structures</Category><Value>400</Value><QuestionText>Which keyword exits a loop immediately?</QuestionText><Options><OptionA>continue</OptionA><OptionB>exit</OptionB><OptionC>stop</OptionC><OptionD>break</OptionD></Options><CorrectAnswer>D</CorrectAnswer></QuestionItem><QuestionItem><Category>Control Structures</Category><Value>500</Value><QuestionText>How many times will the loop for(int i=0;i&lt;3;i++) run?</QuestionText><Options><OptionA>2</OptionA><OptionB>3</OptionB><OptionC>4</OptionC><OptionD>0</OptionD></Options><CorrectAnswer>B</CorrectAnswer></QuestionItem><QuestionItem><Category>Functions</Category><Value>100</Value><QuestionText>Which keyword is used to define a function returning no value?</QuestionText><Options><OptionA>return</OptionA><OptionB>void</OptionB><OptionC>int</OptionC><OptionD>empty</OptionD></Options><CorrectAnswer>B</CorrectAnswer></QuestionItem><QuestionItem><Category>Functions</Category><Value>200</Value><QuestionText>What is the purpose of a function parameter?</QuestionText><Options><OptionA>Store output</OptionA><OptionB>Pass data into function</OptionB><OptionC>Return value</OptionC><OptionD>Stop execution</OptionD></Options><CorrectAnswer>B</CorrectAnswer></QuestionItem><QuestionItem><Category>Functions</Category><Value>300</Value><QuestionText>What is the return type of int add(int a, int b)?</QuestionText><Options><OptionA>int</OptionA><OptionB>void</OptionB><OptionC>double</OptionC><OptionD>none</OptionD></Options><CorrectAnswer>A</CorrectAnswer></QuestionItem><QuestionItem><Category>Functions</Category><Value>400</Value><QuestionText>Which statement exits a function and sends a value back?</QuestionText><Options><OptionA>break</OptionA><OptionB>return</OptionB><OptionC>exit</OptionC><OptionD>stop</OptionD></Options><CorrectAnswer>B</CorrectAnswer></QuestionItem><QuestionItem><Category>Functions</Category><Value>500</Value><QuestionText>If a function is not declared before use, what may happen?</QuestionText><Options><OptionA>Nothing</OptionA><OptionB>Compilation error</OptionB><OptionC>Runtime error</OptionC><OptionD>Warning</OptionD></Options><CorrectAnswer>B</CorrectAnswer></QuestionItem><QuestionItem><Category>Arrays</Category><Value>100</Value><QuestionText>Which declares an array of 5 integers?</QuestionText><Options><OptionA>int arr[5];</OptionA><OptionB>array&lt;int&gt; arr;</OptionB><OptionC>int arr;</OptionC><OptionD>int arr(5);</OptionD></Options><CorrectAnswer>A</CorrectAnswer></QuestionItem><QuestionItem><Category>Arrays</Category><Value>200</Value><QuestionText>What is the index of the first element in a C++ array?</QuestionText><Options><OptionA>1</OptionA><OptionB>0</OptionB><OptionC>-1</OptionC><OptionD>None</OptionD></Options><CorrectAnswer>B</CorrectAnswer></QuestionItem><QuestionItem><Category>Arrays</Category><Value>300</Value><QuestionText>Which loop is best for iterating a fixed-size array?</QuestionText><Options><OptionA>while</OptionA><OptionB>do-while</OptionB><OptionC>for</OptionC><OptionD>if</OptionD></Options><CorrectAnswer>C</CorrectAnswer></QuestionItem><QuestionItem><Category>Arrays</Category><Value>400</Value><QuestionText>What happens if you access out-of-range index?</QuestionText><Options><OptionA>Zero returned</OptionA><OptionB>Random value</OptionB><OptionC>Runtime error</OptionC><OptionD>Compilation error</OptionD></Options><CorrectAnswer>B</CorrectAnswer></QuestionItem><QuestionItem><Category>Arrays</Category><Value>500</Value><QuestionText>How many elements in int arr[3][4];?</QuestionText><Options><OptionA>7</OptionA><OptionB>12</OptionB><OptionC>3</OptionC><OptionD>4</OptionD></Options><CorrectAnswer>B</CorrectAnswer></QuestionItem><QuestionItem><Category>File Handling</Category><Value>100</Value><QuestionText>Which header file is used for file I/O?</QuestionText><Options><OptionA>fstream</OptionA><OptionB>iostream</OptionB><OptionC>file</OptionC><OptionD>stdio.h</OptionD></Options><CorrectAnswer>A</CorrectAnswer></QuestionItem><QuestionItem><Category>File Handling</Category><Value>200</Value><QuestionText>Which stream is used to write to a file?</QuestionText><Options><OptionA>ifstream</OptionA><OptionB>ofstream</OptionB><OptionC>fstream</OptionC><OptionD>cout</OptionD></Options><CorrectAnswer>B</CorrectAnswer></QuestionItem><QuestionItem><Category>File Handling</Category><Value>300</Value><QuestionText>Which method opens a file in append mode?</QuestionText><Options><OptionA>open('file.txt')</OptionA><OptionB>open('file.txt', ios::in)</OptionB><OptionC>open('file.txt', ios::app)</OptionC><OptionD>open('file.txt', ios::out)</OptionD></Options><CorrectAnswer>C</CorrectAnswer></QuestionItem><QuestionItem><Category>File Handling</Category><Value>400</Value><QuestionText>Which function closes a file?</QuestionText><Options><OptionA>stop()</OptionA><OptionB>end()</OptionB><OptionC>close()</OptionC><OptionD>exit()</OptionD></Options><CorrectAnswer>C</CorrectAnswer></QuestionItem><QuestionItem><Category>File Handling</Category><Value>500</Value><QuestionText>What happens if a file fails to open?</QuestionText><Options><OptionA>Program crashes</OptionA><OptionB>Nothing happens</OptionB><OptionC>Error flag is set</OptionC><OptionD>File is created</OptionD></Options><CorrectAnswer>C</CorrectAnswer></QuestionItem></JeopardyQuestions>